week,world,cumulative_wrong_sends,drafts_waiting
1,random_audit,26.9,0.0
2,random_audit,53.6,0.0
3,random_audit,76.7,0.0
4,random_audit,101.6,0.0
5,random_audit,123.8,0.0
6,random_audit,145.0,0.0
7,random_audit,166.5,0.0
8,random_audit,186.1,0.0
9,random_audit,203.2,0.0
10,random_audit,221.2,0.0
11,random_audit,237.3,0.0
12,random_audit,252.2,0.0
1,check_outgoing,22.9,0.0
2,check_outgoing,43.2,0.0
3,check_outgoing,62.2,0.0
4,check_outgoing,80.2,0.0
5,check_outgoing,96.4,0.0
6,check_outgoing,112.8,0.0
7,check_outgoing,128.1,0.0
8,check_outgoing,143.0,0.0
9,check_outgoing,156.9,0.0
10,check_outgoing,169.3,0.0
11,check_outgoing,181.6,0.0
12,check_outgoing,194.8,0.0
1,history_only,14.8,0.0
2,history_only,28.2,0.0
3,history_only,40.0,0.0
4,history_only,50.0,0.0
5,history_only,60.4,0.0
6,history_only,70.7,0.0
7,history_only,80.3,0.0
8,history_only,90.5,0.0
9,history_only,100.0,0.0
10,history_only,108.8,0.0
11,history_only,118.3,0.0
12,history_only,126.8,0.0
1,provenance_drafts_only,10.4,16.1
2,provenance_drafts_only,21.5,11.6
3,provenance_drafts_only,32.0,1.2
4,provenance_drafts_only,41.8,0.0
5,provenance_drafts_only,53.4,0.0
6,provenance_drafts_only,63.8,0.0
7,provenance_drafts_only,74.7,0.0
8,provenance_drafts_only,86.2,0.0
9,provenance_drafts_only,97.2,0.0
10,provenance_drafts_only,107.7,0.0
11,provenance_drafts_only,118.2,0.0
12,provenance_drafts_only,128.7,0.0
1,provenance,10.4,16.1
2,provenance,21.9,11.6
3,provenance,32.1,1.2
4,provenance,41.2,0.0
5,provenance,49.5,0.0
6,provenance,58.1,0.0
7,provenance,66.2,0.0
8,provenance,75.0,0.0
9,provenance,82.2,0.0
10,provenance,89.2,0.0
11,provenance,95.5,0.0
12,provenance,102.3,0.0
